id,title,announcement,description,releaseDate
1,âœ¨ Meta Match Pre-Event!,ğŸ“¢ Onboarding Soon,"Hello, PLAYERS! ğŸ‘‹<br/>
Welcome to PLAY3 â€” your friendly, mission-powered gateway to Web3.<br/>

<strong>ğŸ“¢ Exciting news! Meta Match, the Web3 Trading Card Game by Team Batching, is onboarding soon on PLAY3.</strong><br/>

<img src=""""https://proj-uv.github.io/play3-assets/banner/MetaMatchPreEvent_01.png"""" alt=""""MetaMatchPreEvent_01"""" style=""""width: 100%; height: auto;"""" /><br/>


Meta Match is a Web3 Trading Card Game that combines the strategic depth of classic TCGs with the innovative technology of blockchain. <br/>

In Meta Match, players participate in various modes such as PVP, PVE, and Private Battles using custom card decks they create.<br/>


<hr>


<strong>âœ¨ Pre-Registration Collab Event</strong><br/>

Join their Pre-Registration Event and grab special rewards! <br/>

<img src=""""https://proj-uv.github.io/play3-assets/banner/MetaMatchPreEvent_02.png"""" alt=""""MetaMatchPreEvent_02"""" style=""""width: 100%; height: auto;"""" /><br/>

<strong><< ğŸŒŸ [ Meta Match x PLAY3 ] New User Event  >></strong><br/>

Special welcome for new friends from Meta Match! ğŸƒ<br/>

<strong>ğŸ“Œ How to Join</strong><br/>
<strong>  â¦ â‘  Pre-Register to Meta Match</strong><br/>
<strong>  â¦ â‘¡ Join PLAY3 </strong><br/>

<strong>ğŸ™Œ Eligibility</strong><br/>
  â¦ New Users from Meta Match<br/>

<strong>ğŸ† Rewards</strong><br/>
  â¦ 10 Mystery Boxes<br/>
â€» Includes Airdrop Tickets (account-bound, non-transferable)<br/>

<strong>ğŸ“… Event Period</strong>: August 25  ~ End of Pre-Registration Period<br/>
<i>â€» Please check Meta Matchâ€™s notice for the official pre-registration period.</i><br/>

<hr>

<strong><< ğŸ [ Meta Match x PLAY3 ] Pre-Registration Collab Event >></strong><br/>

<img src=""""https://proj-uv.github.io/play3-assets/banner/MetaMatchPreEvent_03.png"""" alt=""""MetaMatchPreEvent_03"""" style=""""width: 100%; height: auto;"""" /><br/>

<strong>ğŸ“Œ How to Join</strong><br/>
<strong>  â¦ Pre-Register </strong><br/>

<strong>ğŸ™Œ Eligibility</strong><br/>
  â¦ Open to ALL PLAY3 Users<br/>

<strong>ğŸ† Rewards</strong><br/>
  â¦ 100 Airdrop Raffle Tickets for â€œğŸª‚â›ï¸ PLAY3 Airdrop Event ğŸŸï¸â€<br/>

<strong>ğŸ“… Event Period</strong>: August 28 ~ End of Pre-Registration Period<br/>
<i>â€» Please check Meta Matchâ€™s notice for the official pre-registration period.</i><br/>

<hr>

<strong>ğŸ“œ Event Notice</strong><br/>
<strong>By joining PLAY3 events, you agree to our operating policies. ğŸŒ¼<br/>
 â¦ The platform or event host may take necessary steps to ensure fairness and has the final authority on decisions.<br/>
 â¦ Event participation and rewards are based on an active, valid account in PLAY3. Accounts under restriction (suspension, withdrawal, penalties, etc.) are not eligible.<br/>
 â¦ If any abnormal participation or system abuse is detected â€” such as intentional account transfers or disguised participation â€” rewards may be forfeited.<br/>
 â¦ The platform is not responsible for technical issues, late submissions, or missing evidence caused by factors outside of PLAY3â€™s control.<br/>
 â¦ During review, proof or additional verification may be requested.<br/>


<hr>

<strong>ğŸ› Found an issue?</strong><br/>
Your feedback is invaluable to us.<br/>
Please report any bugs or issues through the following link:<br/>
ğŸ‘‰ <a href=""""https://forms.gle/VeRzsRWJXbtx2keG7"""" target=""""_blank"""">Submit a Bug Report</a><br/>

<hr>

Thank you for your continued support.<br/>
We look forward to bringing you an even better PLAY3 experience. <br/>

Letâ€™s PLAY3! ğŸ‘¾<br/>
See you in the square.<br/>",2025-08-25T10:30:00Z
2,ğŸ› ï¸ 0.0.2a Update Info,ğŸ› ï¸ PLAY3 Notice,"Hello, PLAYERS! ğŸ‘‹<br/>
Welcome to PLAY3 â€” your friendly, mission-powered gateway to Web3.<br/>

<hr>

<strong>[ Release Notes ] v0.0.2a (2025.08.21)</strong><br/>
<strong>1. Feature Updates & Changes</strong><br/>

<strong>  â¦ 1:1 Trading</strong><br/>
    âˆ˜ ğŸ”„ You can now trade between Web2 items and Web3 items directly!<br/>
    <i>â€»The Bazaar will be updated gradually over time.</i><br/>

 <strong> â¦ Account Deletion</strong><br/>
    âˆ˜ ğŸ—‘ï¸ An account can only be deleted if there are no items listed on the Bazaar.<br/>
    âˆ˜ â™»ï¸ Deleted accounts can be restored within 30 days.<br/>
    âˆ˜ âœï¸ Once deleted, nicknames cannot be reused by any account.<br/>

<hr>

<strong>2.  Bug Fixes</strong><br/>

  <strong>â¦ On-chain Function Update</strong><br/>
   âˆ˜ Resolved access issues with: <br/>
   âˆ˜ NFT Creation<br/>
   âˆ˜ NFT Trading<br/>
   âˆ˜ Stardust Vending Machine<br/>
   âˆ˜ Premium Box Purchase<br/>
   âˆ˜ Other On-Chain related functions<br/>


 <strong>â¦ Bazaar</strong><br/>
   âˆ˜  Fixed an issue where tree items could not be re-registered or sold.<br/>
   âˆ˜  You can now freely list and trade tree items again.<br/>
    <i>â€»The missing trees will be gradually distributed to your inbox.</i><br/>

<hr>

<strong>ğŸ› Found an issue?</strong><br/>
Your feedback is invaluable to us.<br/>
Please report any bugs or issues through the following link:<br/>
ğŸ‘‰ <a href=""https://forms.gle/VeRzsRWJXbtx2keG7"" target=""_blank"">Submit a Bug Report</a><br/>

<hr>

Thank you for your continued support.<br>
We look forward to bringing you an even better PLAY3 experience. <br>

Letâ€™s PLAY3! ğŸ‘¾<br/>",2025-08-21T02:00:00Z
3,âœ¨ Ongoing Events on PLAY3,ğŸ“¢ PLAY3 Event Details,"Hello, PLAYERS! ğŸ‘‹<br/>
Welcome to PLAY3 â€” your friendly, mission-powered gateway to Web3.<br/>

<strong>âœ¨ Hereâ€™s your guide to all the events currently live in PLAY3.  </strong><br/>
<i>Join in, have fun, and claim your rewards!</i><br/>

<hr>

<img src=""https://proj-uv.github.io/play3-assets/banner/20250814_notice_1.png"" alt=""banner_3""style=""width: 100%; height: auto;"" /><br/>

<strong><< ğŸš€[ XPLA x PLAY3 ] 60,000 $XPLA Airdrop >></strong><br/>
Join the special <strong>XPLA x PLAY3 Airdrop Event!</strong><br/>
<strong>ğŸ“Œ How to Join</strong><br/>
  â¦ â‘  Link your Supervillain: Wanted account to PLAY3<br/>
  â¦ â‘¡ Reach Lv.2 in Supervillain: Wanted<br/>
  â¦ â‘¢ Take a gameplay screenshot ğŸ“¸<br/>
  â¦ â‘£ QRT the official XPLA event post<br/>
<i><strong>â€» QRT must be publicly visible at the time of winner verification.</strong></i><br/>

<strong>ğŸ† Rewards</strong><br/>
 â¦ 10,000 XPLA â€” 1 winner<br/>
  â¦  5,000 XPLA â€” 1 winner<br/>
  â¦ 1,500 XPLA â€” 3 winners<br/>
  â¦ 900 XPLA â€” 5 winners<br/>
  â¦  600 XPLA â€” 10 winners<br/>
  â¦ 300 XPLA â€” 100 winners<br/>
<strong>ğŸ“… Event Period</strong> : Aug 12 ~ 4 Weeks<br/>
ğŸ‘‰ <a href=""https://x.com/XPLA_Official/status/1955147538631377340"" target=""_blank"">ğŸ”— More Details Here</a><br/>

<hr>

<img src=""https://proj-uv.github.io/play3-assets/banner/20250814_notice_2.png"" alt=""banner_3""style=""width: 100%; height: auto;"" /><br/>

<strong><< ğŸ£ PLAY3 Fishing Tourney Event >></strong><br/>
Catch the longest fish and <strong>win special rewards! ğŸŸ</strong><br/>
<strong>ğŸ“Œ How to Join</strong><br/>
 â¦ Catch a fish in PLAY3<br/>
 â¦ Take a screenshot showing the fishâ€™s length + your nickname<br/>
 â¦ <a href=""https://forms.gle/qiFsR1tFk52Mst3L7"" target=""_blank"">ğŸ”— Submit via Google Form</a><br/>

<strong>ğŸ“¸ Screenshot Rules</strong><br/>
 â¦ Length and nickname must be clearly visible<br/>
 â¦ Inventory screen showing both is also accepted<br/>
 â¦ âŒ Missing details = invalid entry<br/>
 â¦ Only fish caught by the participantâ€™s PLAY3 account will count, based on verified in-app catch logs.<br/>

<strong>ğŸ† Rewards</strong><br/>
 â¦ ğŸ¥‡ 10,000 Copper + 100 Raffle Tickets + NFT Costume<br/>
 â¦ ğŸ¥ˆ 8,000 Copper + 80 Raffle Tickets + NFT Costume<br/>
 â¦ ğŸ¥‰ 7,000 Copper + 70 Raffle Tickets + NFT Costume<br/>
 â¦ 4thâ€“10th: 3,000 Copper + 50 Raffle Tickets + NFT Costume<br/>
 â¦ ğŸ All valid entries: 1,000 Copper<br/>


<strong>ğŸ“… Timeline</strong><br/>
 â¦ Submission : Aug 14 00:00 ~ Aug 20 00:00 (UTC)<br/>
 â¦ Winner Announcement : Aug 26<br/>
 â¦ Rewards Sent : Aug 28 (Claim within 7 days)<br/>
ğŸ‘‰ <a href=""https://forms.gle/qiFsR1tFk52Mst3L7"" target=""_blank"">ğŸ”— More Details Here</a><br/>
ğŸ‘‰ <a href=""https://docs.google.com/spreadsheets/d/1BvZVDiv7Or8XbtWBJSHpuDPDLIWqfURMIcGZKbPBEyw/edit?usp=sharing"" target=""_blank"">ğŸ† Leaderboard</a><br/>

<hr>

<img src=""https://proj-uv.github.io/play3-assets/banner/20250814_notice_3.png""style=""width: 100%; height: auto;"" /><br/>

<strong><< ğŸ®[ Supervillain Wanted x PLAY3 ] Onboarding Event >></strong><br/>
Complete Supervillain Wantedâ€™s Missions for more rewards!<br/>

<strong>ğŸ“Œ How to Join</strong><br/>
 â¦ <strong><i>Vpoint Festival</i></strong> : Complete Supervillain Wantedâ€™s Event Missions to earn Vpoints<br/>
 â¦ <strong><i>Supervillain Wanted Onboarding Airdrop</i></strong> : Complete Supervillain Wantedâ€™s Achievement Missions for bonus airdrops!<br/>

<strong>ğŸ† Rewards</strong><br/>
 â¦ <strong><i>Vpoint Festival</i></strong> : Rewards shared on Supervillain Wantedâ€™s â€˜Event Missionsâ€™<br/>
 â¦ <strong><i>Supervillain Wanted Onboarding Airdrop</i></strong><br/>
    âˆ˜ ğŸ10 Mystery Boxes : ALL Achievement Mission Finishers <br/>
    âˆ˜ ğŸ Bonus Airdrops : Extra winners will be drawn among Finishers<br/>

ğŸ“…<strong> Event Period</strong> : July 10 ~ TBA (Details TBA)<br/>
ğŸ‘‰ <a href=""https://x.com/supervlabs/status/1943258402324648145"" target=""_blank"">ğŸ”— More Details Here</a><br/>

<hr>

<img src=""https://proj-uv.github.io/play3-assets/banner/20250814_notice_4.png"" alt=""banner_4""style=""width: 100%; height: auto;"" /><br/>

<strong><< ğŸª‚â›ï¸PLAY3 Airdrop EventğŸŸï¸ >></strong><br/>
Complete event missions and open Mystery Boxes to collect <strong>Raffle Tickets!</strong><br/>

<strong>ğŸ“Œ How to Join</strong><br/>
 â¦ Complete â€˜Event Missionsâ€™ in PLAY3<br/>
 â¦ ğŸª‚â›ï¸ Open Mystery Boxes in PLAY3 to earn Raffle Tickets<br/>

<strong>ğŸ† Rewards</strong><br/>
 â¦ ğŸ¥‡ 1st â€“ $3,000 value<br/>
 â¦ ğŸ¥ˆ 2nd â€“ $1,000 value<br/>
 â¦ ğŸ¥‰ 3rd â€“ $500 value<br/>
 â¦ ğŸ Even 1 ticket gives you a chance at a random $$$ reward<br/>
<i>â€» ğŸ’¡ Ticket counts are based on final system records at the end of the event period</i><br/>


<strong>ğŸ“… Event Period</strong> : July 10 ~ Two months (Details TBA)<br/>
<strong><i>â€» Mission Update: New event missions unlock every Thursday (UTC)</i></strong><br/>

<hr>

<strong>ğŸ“œ Event Notice</strong><br/>
<strong>By participating in any PLAY3 event, you agree to our operating policies and actions.</strong><br/>
 â¦ Only submissions received within the official event period will be considered.<br/>
 â¦ The platform or the event host may take necessary measures to ensure fair play and holds the final decision-making authority.<br/>
 â¦ Event participation and rewards are based on an active, valid account in PLAY3. Accounts under restriction (suspension, withdrawal, penalties, etc.) are not eligible.<br/>
 â¦ Top Ticket Holders (1stâ€“3rd) are confirmed through internal review, based on raffle ticket acquisition records and activity logs.<br/>
 â¦ If any abnormal participation or system abuse is detected â€” such as intentional account transfers or disguised participation â€” rewards will be forfeited.<br/>
 â¦ If a winner is found to have engaged in misconduct, their prize will be revoked and awarded to the next eligible participant in rank order.<br/>
 â¦ Rewards will only be confirmed after all verification processes are complete.<br/>
 â¦ The platform is not responsible for technical issues, late submissions, or missing evidence caused by factors outside of PLAY3â€™s control.<br/>
 â¦ During review, proof or additional verification may be requested.<br/>

<hr>

Enjoy PLAY3 Events and stay tuned for even more exciting events coming soon! ğŸš€<br/>

<hr>

<strong>ğŸ› Found an issue?</strong><br/>
Your feedback is invaluable to us.<br/>
Please report any bugs or issues through the following link:<br/>
ğŸ‘‰ <a href=""https://forms.gle/VeRzsRWJXbtx2keG7"" target=""_blank"">Submit a Bug Report</a><br/>

<hr>

Thank you for your continued support.<br>  
We look forward to bringing you an even better PLAY3 experience. <br>

Letâ€™s PLAY3! ğŸ‘¾<br/>
See you in the square.<br/>

",2025-08-15T00:00:00Z
4,ğŸ›Tree Listing Issue,ğŸ“¢ Fix in Progress,"Hello, PLAYERS! ğŸ‘‹<br/>
We have identified an issue occurring when listing trees on the Bazaar, and we are sharing this as a known issue.<br/>

<hr>

<strong>[ Bazaar Tree Listing Notice ]</strong><br/>
There is currently an issue where listing wood in the Bazaarâ€™s Buy or Sell tab may cause the item to disappear or not display correctly.<br/>

As a temporary measure, listing trees on the Bazaar will be restricted upon refreshing the web page or restarting PLAY3.<br/>
Players who experienced inconvenience due to this issue will be <strong>compensated automatically</strong> â€” no separate submission or request is required, as our team will verify logs directly.<br/>
We sincerely apologize for any inconvenience this may cause.<br/>
Our team is working swiftly to address the issue and restore full functionality.<br/>

<storng>ğŸ“¢ We will share an update once the issue has been fully resolved.</strong><br/>

We truly appreciate your patience and understanding as we work to ensure a smoother and more enjoyable PLAY3 experience for everyone.<br/>

<hr>

<strong>ğŸ› Found an issue?</strong><br/>
Your feedback is invaluable to us.<br/>
Please report any bugs or issues through the following link:<br/>
ğŸ‘‰ <a href=""https://forms.gle/VeRzsRWJXbtx2keG7"" target=""_blank"">Submit a Bug Report</a><br/>

<hr>

Thank you for your continued support.<br>  
We look forward to bringing you an even better PLAY3 experience. <br>

Letâ€™s PLAY3! ğŸ‘¾<br/>
See you in the square.<br/>",2025-08-13T07:40:00Z
5,âœ¨ XPLA x PLAY3 Airdrop,ğŸ“¢ $XPLA Events & Rewards,"Hello, PLAYERS! ğŸ‘‹<br/>
Welcome to PLAY3 â€” your friendly, mission-powered gateway to Web3.<br/>

Hereâ€™s a recap of the Airdrop Events hosted by XPLA in collaboration with PLAY3! ğŸ‰<br/>

<hr>

<strong> [ XPLA x PLAY3 ] Airdrop Event </strong><br/>

<strong> ğŸ”¹[Ended]  33,300 $XPLA Airdrop Event</strong><br/>

A huge thank-you to everyone who joined the 33,300 $XPLA Airdrop Event!<br/>
XPLA has announced the 100 lucky winners â€” check the details below:<br/>
  â¦  ğŸ‰ Winners: 100 players<br/>
  â¦  ğŸ’° Reward: 333 $XPLA each<br/>
  â¦  ğŸ“… Rewards sent on Aug 12, 06:00 (UTC)<br/>
  â¦  ğŸ“¬ Please check your PLAY3 Wallet!<br/>
ğŸ‘‰ <a href=""https://bit.ly/XPLAxPLAY3-AirdropWinners"" target=""_blank"">ğŸ“œ Check the full winners list </a><br/>
<i>ğŸ’™ Thanks for all the amazing photos with CEO Yuna â€” she enjoyed seeing every one of you!</i><br/>

<hr>

<strong> ğŸ”¹[OnGoing]  60,000 $XPLA Airdrop Event</strong><br/>

<strong>ğŸ† 1st place will take home a massive 10,000 $XPLA!</strong><br/>
<strong>âœ… How to participate : </strong><br/>
1. <strong>Link your Supervillain: Wanted account to PLAY3</strong><br/>
2. Play until your character reaches <strong>Lv.2 in <i>Supervillain Wanted</i></strong><br/>
3. Snap a gameplay screenshot ğŸ“¸<br/>
4. <strong>QRT the official event post from XPLA</strong><br/>
ğŸ‘‰ <a href=""https://x.com/XPLA_Official"" target=""_blank"">More details can be checked on XPLA community!</a><br/>
<i>â€» You can also QRT the event post directly through our EVENT banner in PLAY3.</i><br/>

Enjoy the XPLA x PLAY3 Airdrop Event â€” and stay tuned for even more exciting events coming soon! ğŸš€<br/>

<hr>

<strong>ğŸ› Found an issue?</strong><br/>
Your feedback is invaluable to us.<br/>
Please report any bugs or issues through the following link:<br/>
ğŸ‘‰ <a href=""https://forms.gle/VeRzsRWJXbtx2keG7"" target=""_blank"">Submit a Bug Report</a><br/>

<hr>

Thank you for your continued support.<br>  
We look forward to bringing you an even better PLAY3 experience. <br>

Letâ€™s PLAY3! ğŸ‘¾<br/>
See you in the square.<br/>",2025-08-12T06:01:00Z
6,ğŸ› On-chain Access Issue,ğŸ“¢ Fix in Progress,"Hello, PLAYERS! ğŸ‘‹<br/>
Weâ€™ve identified that some users are currently experiencing difficulties accessing certain on-chain features, and we are sharing this as a known issue.<br/>

<hr>

<strong>[ On-chain Feature Access Notice ]</strong><br/>
The following on-chain features are currently unavailable to some users, and we are sharing this so everyone is aware.<br/>
<strong>  â¦  Affected features:</strong><br/>
    âˆ˜ NFT Creation<br/>
    âˆ˜ NFT Trading<br/>
    âˆ˜ Stardust Vending Machine<br/>
    âˆ˜ Premium Box Purchase<br/>
    âˆ˜ Other on-chain related functions<br/>

We sincerely apologize for any inconvenience this may cause.<br/>
Our team is working swiftly to address the issue and restore full functionality.<br/>

<storng>ğŸ“¢ We will share an update once the issue has been fully resolved.</strong><br/>

We truly appreciate your patience and understanding as we work to ensure a smoother and more enjoyable PLAY3 experience for everyone.<br/>

<hr>

<strong>ğŸ› Found an issue?</strong><br/>
Your feedback is invaluable to us.<br/>
Please report any bugs or issues through the following link:<br/>
ğŸ‘‰ <a href=""https://forms.gle/VeRzsRWJXbtx2keG7"" target=""_blank"">Submit a Bug Report</a><br/>

<hr>

Thank you for your continued support.<br>  
We look forward to bringing you an even better PLAY3 experience. <br>

Letâ€™s PLAY3! ğŸ‘¾<br/>
See you in the square.<br/>",2025-08-11T10:10:00Z
7,ğŸ› ï¸ Pawn Shop Update,ğŸ› ï¸ PLAY3 Notice,"Hello, PLAYERS! ğŸ‘‹<br/>
Weâ€™ve identified an issue with Pawnbroker Lickâ€™s Pawn Shop Mystery Boxes following todayâ€™s update. Due to a misconfiguration, some unintended items were mistakenly included in the drop list.<br/>
We sincerely apologize for the inconvenience and will proceed with the following corrections:<br/>

<hr>

<strong>[ Item Drop Update Notice ]</strong><br/>
<strong>ğŸ› ï¸ Pawn Shop Mystery Boxes Update</strong><br/>
In addition to the above, <strong>NFT items originally intended as rewards were not correctly listed / distributed.</strong><br/>
<strong>  â¦  ğŸ”»Incorrectly listed / distributed items :</strong><br/>
    âˆ˜ Messy Shag Style (Basic)<br/>
    âˆ˜ clothes117 (Unknown Costume)<br/>
    âˆ˜ clothes166 (Unknown Costume)<br/>


<strong>  â¦  âœ… Replacement NFT items :</strong><br/>
    âˆ˜ Copper Hunter Fur Hat (Rare NFT)<br/>
    âˆ˜ Copper Hunter Gear (Rare NFT)<br/>
    âˆ˜ Copper Hunter Ribbon (Rare NFT)<br/>


â³ The incorrect items will be <strong>removed from affected usersâ€™ inventories.</strong><br/>
ğŸ“¬The correct NFT items will be <strong>delivered directly to your Inbox.</strong><br/>

We truly appreciate your patience and understanding as we work to resolve this issue.<br/>
Thank you for being part of the PLAY3 community!<br/>

<hr>

<strong>ğŸ› Found an issue?</strong><br/>
Your feedback is invaluable to us.<br/>
Please report any bugs or issues through the following link:<br/>
ğŸ‘‰ <a href=""https://forms.gle/VeRzsRWJXbtx2keG7"" target=""_blank"">Submit a Bug Report</a><br/>

<hr>

Thank you for your continued support.<br>  
We look forward to bringing you an even better PLAY3 experience. <br>

Letâ€™s PLAY3! ğŸ‘¾<br/>
See you in the square.<br/>
",2025-08-07T10:10:00Z
8,ğŸ› ï¸ 0.0.2 Update Info,ğŸ› ï¸ PLAY3 Notice,"Hello, PLAYERS! ğŸ‘‹<br/>
Welcome to PLAY3 â€” your friendly, mission-powered gateway to Web3.<br/>

<hr>

<strong>[ Release Notes ] v0.0.2 (2025.08.07)</strong></br>
<strong>1. Feature Updates & Changes</strong></br>

<img src=""https://proj-uv.github.io/play3-assets/banner/20250807_notice_1.png"" alt=""banner_3""style=""width: 100%; height: auto;"" /><br/>

  â¦ <strong>Fishing</strong><br/>
    âˆ˜ ğŸ£ A peaceful new activity has arrived. <strong>You can now enjoy fishing in PLAY3!</strong><br/>
    âˆ˜ Head over to the pond, river, or seaside and try casting a line.<br/>
    âˆ˜ You might reel in something fun!<p/>

  â¦ <strong>Map Construction</strong><br/>
    âˆ˜ ğŸ—ºï¸ Some gentle remodeling was done across the map.<br/>
    âˆ˜ New fishing spots like rivers and coastlines have been prepared.<br/>
    âˆ˜ We hope you enjoy the refreshed scenery as much as the new activity it brings!<p/>

  â¦ <strong>Meet New NPC, Pawnbroker Lick!</strong><br/>
<img src=""https://proj-uv.github.io/play3-assets/banner/20250807_notice_2.png"" alt=""banner_4""style=""width: 100%; height: auto;"" /><br/>
    âˆ˜ ğŸ’¼ The owner of the mysterious Item Garage Box has finally arrived in the world of PLAY3!<br/>
    âˆ˜ Lick is here to buy certain items from you, but only the ones he likes.<br/>
    âˆ˜ Bring your extras and see what kind of deal you can strike.<br/>
    âˆ˜ He might not pay top coinâ€¦ but he does know his business. ğŸ˜‰<p/>

  â¦ <strong>Lick's Pawn Shop</strong><br/>
    âˆ˜ You can now sell multiple items to Lick at once.<br/>
    âˆ˜ Selling items grants you points, and accumulating points lets you open Pawn Shop Mystery Boxes (Pawn Boxes).<br/>
    âˆ˜ Only 3 Pawn Boxes can be opened each day, but Lick will continue buying your items even after the limit.<br/>
    âˆ˜ Special items exclusive to Pawn Boxes have been added.<p/>

  â¦ <strong>Missions</strong><br/>
    âˆ˜ New fishing-related missions have been added to both Event and Daily Missions.<br/>
    âˆ˜ â€˜Close your Bazaarâ€™ mission has been removed from Daily Missions.<br/>
    âˆ˜ Mission UI has been improved for better clarity and usability.<br/>
    â€» 'NEW' tag will appear when new missions are added.<p/>

  â¦ <strong>Inventory</strong><br/>
    âˆ˜  An auto-sort feature has been added, along with an expanded visible area.<p/>

  â¦ <strong>Tree Reset Time</strong><br/>
    âˆ˜ Tree cooldowns now reset together at 00:00 UTC every day.<p/>


<hr>

<div><strong>2.  Bug Fixes</strong><br/>

<div>  â¦ <strong>Improved platform performance</strong><br/>
<div>    âˆ˜  Improved platform performance to reduce slowdowns during long sessions.<p/>


<hr>

<strong>ğŸ› Found an issue?</strong><br/>
Your feedback is invaluable to us.<br/>
Please report any bugs or issues through the following link:<br/>
ğŸ‘‰ <a href=""https://forms.gle/VeRzsRWJXbtx2keG7"" target=""_blank"">Submit a Bug Report</a><br/>

<hr>

Thank you for your continued support.<br/>
We look forward to bringing you an even better PLAY3 experience. <br/>

Letâ€™s PLAY3! ğŸ‘¾<br/>
See you in the square.<br/>",2025-08-07T02:00:00Z
9,ğŸ› ï¸ 0.0.1c Update Info,ğŸ› ï¸ PLAY3 Notice,"Hello, PLAYERS! ğŸ‘‹</br>
Welcome to PLAY3 â€” your friendly, mission-powered gateway to Web3.</br>

<hr>

<strong>[ Release Notes ] v0.0.1c (2025.07.24)</strong></br>
<strong>1. Feature Updates & Changes</strong></br>

<div>  â¦ <strong>Missions</strong></br>
<div>    âˆ˜  Some of PLAY3's Week 3 Event Missions have been adjusted to better align with upcoming content.</br>
<div>     â€» Theyâ€™ll become available once the related features go live.</br>
<div>     â€» These adjustments do not affect balance or rewards.</br>
<div>     â€» New missions for PLAY3's Beta Open Airdrop Event go live every Thursday at 00:00 (UTC).</br>

<hr>

<div><strong>2.  Bug Fixes</strong></br>

<div>  â¦ <strong>Missions</strong></br>
<div>    âˆ˜  <strong>Purchased Mystery Boxes</strong> not counting toward achievements has been fixed.</br>



<hr>

 <strong>ğŸ› Found an issue?</strong><br>  
Your feedback is invaluable to us.<br>  
Please report any bugs or issues through the following link:<br>  
ğŸ‘‰ <a href=""https://forms.gle/VeRzsRWJXbtx2keG7"" target=""_blank"">Submit a Bug Report</a><br><br>

<hr>

Thank you for your continued support.<br>  
We look forward to bringing you an even better PLAY3 experience. <br>

<div>Letâ€™s PLAY3! ğŸ‘¾</br>
<div>See you in the square.</br>",2025-07-24T07:00:00Z
10,ğŸ› ï¸ 0.0.1b Update Info,ğŸ› ï¸ PLAY3 Notice,"<div Hello, PLAYERS! ğŸ‘‹</br>
<div>Welcome to PLAY3 â€” your friendly, mission-powered gateway to Web3.</br>

<hr>

<div><strong>[ Release Notes ] v0.0.1b (2025.07.17)</strong></br>
<div><strong>1. Feature Updates & Changes</strong></br>

<div>  â¦ <strong>Chat</strong></br>
<div>   âˆ˜  ""World"" chat has been renamed to ""ALL"" and is now set as the default chat channel.</br>
<div>   âˆ˜  The color of World chat has changed from orange to white.</br>
<div>   âˆ˜  World Chat cooldown has been adjusted. (5 seconds â†’ 1 seconds).</br>
<div>   âˆ˜  The color of Field chat has changed from white to gray.</br>

<div>  â¦ <strong>Bazaar</strong></br>
<div>   âˆ˜  The installation range required for setting up a Bazaar has been reduced, allowing more shops to be placed.</br>
<div>   â€» With the update, any previously opened Bazaars will be automatically closed.</br>

<div>  â¦ <strong>Wallet</strong></br>
<div>   âˆ˜  A feature to view the private key has been added.</br>
<div>   âˆ˜  It is now possible to view the full wallet address.</br>

<hr>

<div><strong>2.  Bug Fixes</strong></br>
<div>  â¦ Fixed an issue where the Bazaar remained on the map even when the Remaining Time reached 0 seconds.</br>
<div>  â¦ Fixed an issue where mission progress was not increasing.</br>
<div>  â¦ Fixed an issue where throwing just one copper would incorrectly complete the objective.</br>

<div>ğŸ› Your feedback matters to us at PLAY3. If you spot any bugs, please let us know anytime through the link below!</br>
<div><a href=""https://forms.gle/VeRzsRWJXbtx2keG7"" target=""_blank"">Report a Bug</a></br>
",2025-07-17T02:00:00Z
11,ğŸ› ï¸ 0.0.1a Update Info,ğŸ› ï¸ PLAY3 Notice,"<div Hello, PLAYERS! ğŸ‘‹</br>
<div>Welcome to PLAY3 â€” your friendly, mission-powered gateway to Web3.</br>

<div><strong>PLAY3 is created to bridge the gap between Web2 and Web3</strong>, fostering a new kind of community and ushering in a user-driven era.</br>
<div>Our mission is to introduce a wide range of Web3 experiences and outstanding DApps that were once difficult to access, <strong>empowering everyone to become a key player in the Web3 world.</strong></br>
<div>With the launch of our Beta service, PLAY3 is taking its first step forward â€” and today, weâ€™re happy to share our very first update.</p>
<hr>
<div><strong>[ Key Updates ]</strong></br>
<div><strong>ğŸ”§ Bazaar Update</strong></br>
<div>  â¦ <strong>The Bazaar lifespan is now set to 12 hours</strong> to keep trades active and ensure equal opportunities for all users.</br>
<div><strong>ğŸ‰ Lucky Fountain Update</strong></br>
<div>  â¦ The Lucky Fountain is a fun way to toss in Copper and see who gets to take it all in the end.</br>
<div>  â¦ <strong>Now that itâ€™s more accessible, everyone can join in and enjoy the thrill.</strong></br>
<hr>
<div><strong>ğŸ”§ Weâ€™ve also resolved several known issues.</strong></br>
<div>For full details, please refer to the release notes below:</br>

<div><strong>ğŸ“„ Release Notes</strong></br>
<div><strong>PLAY3 will continue to grow with your support.</strong> We welcome your ideas, feedback, and suggestions at any time!</br>
<div>Weâ€™re in this together.</br>
<div>Thank you always. â€” From the PLAY3 Team</br>
<hr>
<div><strong>[ Release Notes ] v0.0.1a (2025.07.11)</strong></br>
<div><strong>1. Feature Updates & Changes)</strong></br>
<div>  â¦ <strong>Chat</strong></br>
<div>  â¦ World Chat cooldown has been adjusted. (1 minute â†’ 5 seconds)</br>

<div>  â¦ <strong>Bazaar</strong></br>
<div>  âˆ˜ Bazaar duration is now limited. (No limit â†’ 12 hours)</br>
<div>   âˆ˜ Bazaars will automatically close when the time limit is reached. Any sales earnings will be sent to your Inbox.</br>
<div>   â€» With the update, any previously opened Bazaars will be automatically closed.</br>

<div>  â¦<strong> Lucky Fountain</strong></br>
<div>   âˆ˜ The max for Lucky Fountain has been changed. (Now capped at 2,000 Copper)</br>
<div>   âˆ˜ Each click now contributes 1 Copper, with a 0.5-second interval between clicks.</br>
<div>   âˆ˜ The latest winner and the amount of Copper won are now displayed.</br>
<hr>
<div><strong>2. New & Updated Content</strong></br>
<div>  â¦ <strong>New NPCs Added</strong></br>
<div>   âˆ˜   <i>Event Fren</i>: Say hi in the Main Square, provides guides for events and notices.</br>
<div>   âˆ˜   <i>Bazaar King</i>: Say hi in the East Fleamarket, explains how to use the Bazaar.</br>

<div>  â¦ <strong>Welcome our new NPCs</strong></br>
<div>   âˆ˜  <i>Lumber's Daughter</i>: Now in place of â€˜Forest Linâ€™ in the Main Square, sheâ€™ll happily show you how to collect Copper!</br>
<div>   âˆ˜  <i>Bazaar Queen</i>: Now in place of â€˜â€˜Market Krisâ€™ in the Main Square, sheâ€™ll provide Bazaar usage guidance.</br>
<div>   âˆ˜  <i>Lumber Jack</i>: Updated appearance and now gives tips on how to earn Copper.</br>

<div>  â¦ <strong>New Mission</strong></br>
<div>   âˆ˜  A new daily mission, <strong>â€˜Close your Bazaarâ€™</strong>, has been added.</br>
<hr>
<div><strong>3. Bug Fixes</strong></br>
<div>  â¦ Fixed an issue where missions wouldnâ€™t refresh if the date changed during an active session.</br>
<hr>
<div><strong>4. Known Issues</strong></br>
<div>  â¦ In some cases, a red dot may still appear on the mission icon even after all rewards have been collected.</br>
<div>   âˆ˜  Weâ€™re looking into the issue and aiming to resolve this promptly.</br>

<div>ğŸ› Your feedback matters to us at PLAY3. If you spot any bugs, please let us know anytime through the link below!</br>
<div><a href=""https://forms.gle/VeRzsRWJXbtx2keG7"" target=""_blank"">Report a Bug</a></br>",2025-07-11T09:30:00Z
12,âœ¨ Beta Open Event Begins,ğŸ“¢ PLAY3 Open Beta: Live!,"  <div>Hello, PLAYERS! ğŸ‘‹</br>
  <p>Welcome to PLAY3 â€” your friendly, mission-powered gateway to Web3.</p>

  <hr>

  <p> ğŸ‘‡ Hereâ€™s whatâ€™s live for our <strong>âœ¨ Beta Open Events</strong></br>

  <p><strong><img src=""https://proj-uv.github.io/play3-assets/banner/banner_1.png"" alt=""banner_1""style=""width: 100%; height: auto;"" /></strong></p>
  <h1><strong> [ ğŸª‚â›ï¸PLAY3 Airdrop EventğŸŸï¸ ] </strong></h1>

  <h2><strong>Start â€œRaffle Ticketâ€ Mining at Open Beta</strong></h2>
    <div>  â¦ The hunt is ON â€” and it all starts with Raffle Tickets</br>
    <div>  â¦ Just by holding tickets, youâ€™ll get guaranteed rewards</p>

  <p>âœ… <strong>Key point:</strong></br>
    <div> â¦ Just holding tickets guarantees a reward</br>
    <div> â¦ More you hold, the bigger your slice!</p>

  <p>ğŸ’¡ <strong>How to Mine Tickets:</strong></br>
    <div>  â¦ Check your inboxâ€Šâ€”â€Šif you joined during pre-registration</br>
    <div>  â¦ Open Mystery Boxesâ€”Raffle Tickets drop only during the event period</br>
    <div> â¦ Clear missions</p>

  <p>ğŸ“… <strong>EVENT Period:</strong></br>
    <div>  â¦ Two months <i>(details : TBA)</i></p>  

  <hr>

  <p><strong><img src=""https://proj-uv.github.io/play3-assets/banner/banner_2.png"" alt=""banner_2"" style=""width: 100%; height: auto;"" /></strong></p>
  <h1><strong> [ ğŸ® Supervillain Wanted Onboarding Event ]</strong></h1>

  <h2><strong>About Supervillaun Wanted</strong></h2>
    <div>  â¦ Supervillain Wanted is the ultimate office isekai RPG</br>
    <div>  â¦ Find <strong>CEO Yuna</strong> in the main square and <strong>earn special rewards!</br>

  <h2>&lt;&lt; EVENT â‘  <strong>VPoint Festival</strong> &gt;&gt;</h2>
  <p>  â¦ Complete Supervillain Wantedâ€™s Event Missions to earn VPoints!</p>

  <p>âœ… <strong>Key point:</strong></br>
    <div>  â¦ Complete Supervillain Wanted's Event Missions</br>
    <div>  â¦ VPoints work like cash in the Supervillain Labs Web Shop</p>

  <p>ğŸ’¡ <strong>About VPoints:</strong></br>
    <div>  â¦ <strong>Use them like cash in the Supervillain Labs Web Shop.</strong></br>
    <div>  â¦ Earn VPoints worth about 10â€“15% of your payment when you purchase from the Web Shop or the Supervillain Wanted in-game store</br>
    <div> â¦ All mission rewards will be delivered straight to your Inbox on the Supervillain Labs site</p>

  <p>ğŸ“… <strong>EVENT Period:</strong></br>
    <div>  â¦ Starts Now - TBA</p>  

  <p>* * * *</p>

  <h2>&lt;&lt; EVENT â‘¡ <strong>Bonus Rewards from Supervillain Labs! </strong>&gt;&gt;</h2>
  <div><strong>Finish ALL Achievement Missions of Supervillain Wanted and earn:</strong></br>
    <div>  â¦ ğŸ 10 Mystery Boxes</br>
    <div>  â¦ <strong>Bonus:</strong> We'll draw extra winners among all finishers! </p>

  <p>âœ… <strong>Key point:</strong></br>
    <div>  â¦ The more you complete, the more goodie airdrop chances</p>


  <hr>

  <div>ğŸ¯ Complete missions, collect tickets, and secure your share!</br>
  <div>More tickets = bigger rewards in future airdrops.</br>

  <div>Letâ€™s PLAY3! ğŸ‘¾</br>
  <div>See you in the square.</br>",2025-07-10T07:00:00Z
13,ğŸ“¢ Pre-Registration Rewards,ğŸ“¢ Pre-Registration Rewards,"  <p>Hello, PLAYERS! ğŸ‘‹</p>
  <p>Welcome to PLAY3 â€” your friendly, mission-powered gateway to Web3.</p>

  <p>Thanks a ton to everyone who pre-registered and joined our Telegram quest.</p>
  <p> ğŸ‘‡ Youâ€™re awesome â€” now grab whatâ€™s yours! </p>

  <h1><strong> [ Pre-Registration Events & Rewards ]</strong></h1>
  <h2>ğŸ”¹<strong> [Ended] Pre-Registration Event</strong></h2>
  <p><strong>Pre-registered? Claim your rewards:</strong></p>
  <ul>
    <li>  â¦ 1 Special NFT Costume Set (EVENT Grade)</li>
    <li>  â¦ 10,000 Copper</li>
    <li>  â¦ Raffle Tickets</li>
  </ul>

  <h3><strong>ğŸ“¥ How to claim:</strong></h3>
<p>ğŸ“¬ Head to your Inbox on PLAY3; your rewards are ready to claim!</p>
<p>â˜… <i>Sign up with the same email you used to pre-register.</i></p>
<p>  â€» <strong>Claimable until August 10, 07:00 UTC</strong></p>

  <hr>

  <h2>ğŸ”¹<strong> [Ended] Pre-Telegram Quest Event</strong></h2>
  <p><strong>Check below post for more reward details!</strong></p>
<ul>
    <li>  â¦ 1 additional Limited NFT Costume Set</li>
    <li>  â¦ Increased Copper and Raffle Tickets</li>
    <li>  â¦ $XPLA</li>
    <li>  â¦ $STARDUSTâ€Šâ€”â€Ša special token</li>
  </ul>

  <h3><strong>ğŸ“¬ Rewards Distribution:</strong></h3>
<p>  â€» Delivered directly to your <strong>PLAY3 inbox</strong> on <strong>July 10</strong></p>
<p>  â€»<strong> $XPLA and $STARDUSTâ€Š</strong> distribution will take <strong>about one week</strong></p>
<p>  â€» <strong>Claimable until August 10, 07:00 UTC</strong></p>

  <p>âœ¨ <strong>P.S.</strong> Stardust = future perks ğŸ˜‰</p>
  <p>Hold onto it!</p>

  <hr>

  <h2>ğŸƒâ€â™‚ï¸<strong> More Rewards Are Waiting!</strong></h2>
  <p>Donâ€™t miss our Beta Open Evens.</p>
  <p>Even more rewards are ready to grab!</p>

  <p><strong><img src=""https://proj-uv.github.io/play3-assets/banner/banner_1.png"" alt=""banner_1""style=""width: 100%; height: auto;"" /></strong></p>

  <p>ğŸ‘‰ Check the <strong>[âœ¨ Beta Open Event Begins]</strong> post for all the details!</p>

  <p>Letâ€™s PLAY3! ğŸ‘¾</p>
  <p> See you in the square!</p>",2025-07-10T06:58:00Z
14,ğŸ› ï¸ 0.0.1 Update Info,ğŸ› ï¸Getting ready for Open Beta!,"<p>Hello, PLAYERS! ğŸ‘‹<br>
Welcome to <strong>PLAY3</strong> â€” your friendly, mission-powered gateway to Web3.</p>

<p>We are getting ready for our ğ“¸ğ“¹ğ“®ğ“· ğ“«ğ“®ğ“½ğ“ª!</p>

<h3>ğŸš§ <strong>Maintenance Notice</strong></h3>
<p>ğŸ“… <strong>2025-07-09 07:00 (UTC)</strong> ~ <strong>2025-07-10 06:59 (UTC)</strong></p>

<h3>ğŸ¯ PLAY3 Open Beta begins <strong>2025-07-10 07:00 (UTC)</strong></h3>

<p>Four key events awaits, including ğŸŸï¸<strong>PLAY3 Airdrop</strong>.<br>
Get ready right away with us for the opening!</p>

<p>Letâ€™s PLAY3! ğŸ‘¾<br>
See you in the square!</p>",2025-07-09T07:00:00Z
